{
  "balance": [
    { "amount": 2596455.86903194 },
    { "start_position": 3118505.6057922402 }
  ]
}